{
    "train": {
        "loss": 0.2054807570491111,
        "acc": 0.9164174641148325
    },
    "validation": {
        "loss": 0.24595213849574965,
        "acc": 0.9001300042639367
    },
    "etri": {
        "loss": 0.2673087331051373,
        "acc": 0.8987939275927402
    }
}